City,City_ID,Country,Latitude,Longitude,Temperature,Humidity,Max Temp,Wind Speed,Cloudiness
Chui,3443061,UY,-33.6971,-53.4616,284.38,96,284.38,1.4,86
New Norfolk,2155415,AU,-42.7826,147.0587,280.81,70,281.87,0.45,76
Sioux Lookout,6148373,CA,50.1001,-91.917,294.8,60,294.8,4.99,1
Manthani,1263610,IN,18.65,79.6667,296.89,97,296.89,3.14,100
Codrington,2171099,AU,-38.2667,141.9667,284.01,84,284.01,2.68,100
Yellowknife,6185377,CA,62.456,-114.3525,280.03,84,280.03,1.33,37
Saint-Augustin,6137462,CA,51.226,-58.6502,288.92,88,288.92,4.5,99
Vila,7117100,PT,42.0304,-8.1588,289.64,45,290.55,3.14,15
West Wendover,5710035,US,40.7391,-114.0733,296.71,27,296.71,1.54,1
Hermanus,3366880,ZA,-34.4187,19.2345,290.82,74,290.82,8.38,49
Hasaki,2112802,JP,35.7333,140.8333,298.37,91,298.37,6.29,70
Puerto Ayora,3652764,EC,-0.7393,-90.3518,294.01,87,294.01,0.45,84
Mataura,6201424,NZ,-46.1927,168.8643,277.86,99,277.86,1.56,100
Ushuaia,3833367,AR,-54.8,-68.3,274.96,87,274.96,9.26,75
Bluff,2206939,NZ,-46.6,168.3333,278.04,73,278.04,4.49,96
Bengkulu,1649150,ID,-3.8004,102.2655,301.25,72,301.25,2.13,30
Zeya,2012593,RU,53.75,127.2667,295.59,68,295.59,1.53,67
Touros,3386213,BR,-5.1989,-35.4608,296.65,80,296.65,7.49,64
Vao,2137773,NC,-22.6667,167.4833,293.98,68,293.98,5.89,50
Luangwa,909887,ZM,-15.6167,30.4167,297.61,49,297.61,3.29,95
Yambio,363656,SS,4.5721,28.3955,304.54,46,304.54,2.07,12
Bethel,5282297,US,41.3712,-73.414,291.97,91,294.77,0.0,90
Punta Arenas,3874787,CL,-53.15,-70.9167,278.21,87,278.21,6.17,90
Poum,2138555,NC,-20.2333,164.0167,295.35,76,295.35,7.02,98
Airai,1651810,TL,-8.9266,125.4092,289.18,79,289.18,1.72,77
Upernavik,3418910,GL,72.7868,-56.1549,279.08,94,279.08,1.64,100
Vaini,4032243,TO,-21.2,-175.2,294.24,94,294.24,3.09,75
Ostrovnoy,556268,RU,68.0531,39.5131,284.98,65,284.98,4.66,100
Mabaruma,3377301,GY,8.2,-59.7833,295.21,100,295.21,1.03,99
Graaff-Reinet,1000543,ZA,-32.2522,24.5308,298.66,28,298.66,8.16,93
Matara,1235846,LK,5.9485,80.5353,301.52,69,301.52,6.13,76
Olafsvik,3414079,IS,64.8945,-23.7142,285.36,94,285.36,6.01,100
Bredasdorp,1015776,ZA,-34.5322,20.0403,290.53,65,290.53,6.36,83
Maham,1264455,IN,28.9833,76.3,312.92,26,312.92,3.69,0
Atikokan,5888001,CA,48.7555,-91.6216,292.12,64,292.12,4.08,0
Albany,5106841,US,42.6001,-73.9662,290.71,89,292.76,0.44,100
Pisco,3932145,PE,-13.7,-76.2167,288.72,83,288.72,0.28,96
Busselton,2075265,AU,-33.65,115.3333,289.54,86,289.54,3.79,1
Örnsköldsvik,2686469,SE,63.2909,18.7153,286.68,88,287.05,4.12,90
Jamestown,5122534,US,42.097,-79.2353,293.5,98,294.77,0.45,90
Lebu,3883457,CL,-37.6167,-73.65,283.72,90,283.72,6.49,100
Port Lincoln,2063036,AU,-34.7333,135.8667,285.95,62,285.95,2.22,93
Hamilton,4513583,US,39.1834,-84.5333,293.98,97,295.4,0.0,20
Thompson,6165406,CA,55.7435,-97.8558,285.24,94,285.24,3.6,75
East London,1006984,ZA,-33.0153,27.9116,294.7,68,294.7,9.27,100
Mar del Plata,3430863,AR,-38.0023,-57.5575,282.16,100,282.16,3.09,75
Karratha,6620339,AU,-20.7377,116.8463,297.29,55,297.29,4.41,0
Srednekolymsk,2121025,RU,67.45,153.6833,279.62,57,279.62,3.45,33
Sānchor,1257477,IN,24.7553,71.7722,310.47,33,310.47,5.32,23
Carnarvon,2074865,AU,-24.8667,113.6333,294.1,78,294.1,6.28,39
Upington,945945,ZA,-28.4478,21.2561,296.1,20,296.1,4.36,28
Baiyin,1817240,CN,36.5583,104.2081,299.63,42,299.63,4.66,99
Kangaatsiaq,3422683,GL,68.3065,-53.4641,277.99,97,277.99,3.95,79
Rikitea,4030556,PF,-23.1203,-134.9692,296.83,76,296.83,7.76,6
Sweetwater,4174600,US,25.7634,-80.3731,300.09,84,302.16,2.06,40
Port Elizabeth,964420,ZA,-33.918,25.5701,291.31,72,291.54,11.83,40
Jega,2336237,NG,12.2175,4.3792,298.42,80,298.42,4.6,100
Shache,1280037,CN,38.4167,77.2406,305.7,14,305.7,4.88,0
Kirakira,2178753,SB,-10.4544,161.9205,299.07,85,299.07,3.36,83
Bonthe,2409914,SL,7.5264,-12.505,299.9,77,299.9,3.62,100
Atuona,4020109,PF,-9.8,-139.0333,298.38,78,298.38,6.58,9
College,5859699,US,64.8569,-147.8028,281.22,95,282.36,1.54,90
Khandyga,2022773,RU,62.6667,135.6,290.4,71,290.4,1.87,13
Mahébourg,934322,MU,-20.4081,57.7,296.07,68,296.07,8.53,56
Kushmurun,1519924,KZ,52.4503,64.6311,304.08,26,304.08,3.31,97
Wanning,1791779,CN,18.8003,110.3967,303.04,74,303.04,4.93,9
Provideniya,4031574,RU,64.3833,-173.3,279.64,86,279.64,1.65,100
George Town,1735106,MY,5.4112,100.3354,298.65,90,298.65,3.6,40
São João da Barra,3448903,BR,-21.6403,-41.0511,293.2,89,293.2,4.51,81
Taree,2147381,AU,-31.9,152.4667,282.96,76,283.47,2.06,3
Tabou,2281120,CI,4.423,-7.3528,300.09,63,300.09,2.51,100
Isangel,2136825,VU,-19.55,169.2667,294.98,89,294.98,3.53,15
Aquiraz,3407407,BR,-3.9014,-38.3911,299.2,75,299.2,4.71,75
Port Alfred,964432,ZA,-33.5906,26.891,293.43,66,293.43,10.52,100
Requena,2511930,ES,39.4883,-1.1004,293.59,62,294.39,2.83,68
Wanxian,1791748,CN,30.8039,108.3897,305.82,76,305.82,2.47,49
Pedras de Fogo,3392478,BR,-7.4019,-35.1164,295.5,83,295.5,4.67,76
Pevek,2122090,RU,69.7008,170.3133,275.1,82,275.1,2.49,84
Saint Paul,5045360,US,44.9444,-93.0933,292.07,74,294.16,0.45,1
Chokurdakh,2126123,RU,70.6333,147.9167,283.03,56,283.03,3.81,94
Felipe Carrillo Puerto,3527639,MX,19.5833,-88.05,296.31,98,296.31,0.56,30
Puro,1692364,PH,12.4841,123.3827,301.95,73,301.95,2.64,73
Ilulissat,3423146,GL,69.2167,-51.1,280.16,87,280.16,1.54,20
Nanortalik,3421765,GL,60.1432,-45.2371,283.66,95,283.66,7.28,98
Khatanga,2022572,RU,71.9667,102.5,286.75,71,286.75,6.79,99
West Bay,3580477,KY,19.3667,-81.4167,301.97,85,302.04,0.45,92
Aklavik,5882953,CA,68.2191,-135.0107,283.46,84,283.46,0.4,100
Fortuna,5563839,US,40.5982,-124.1573,288.39,70,288.97,1.79,90
Batagay-Alyta,2027042,RU,67.8006,130.4114,289.36,50,289.36,3.59,60
Hong Kong,1819729,HK,22.2855,114.1577,304.37,74,304.44,0.45,54
Kendari,1640344,ID,-3.945,122.4989,296.98,93,296.98,1.24,99
Saint Paul Harbor,5866583,US,57.79,-152.4072,283.42,93,283.42,2.58,98
Ipixuna,3408424,BR,-1.7625,-48.8043,298.12,96,298.12,1.38,15
Avarua,4035715,CK,-21.2078,-159.775,294.18,68,294.18,3.09,75
Ribeira Grande,3372707,PT,38.5167,-28.7,296.37,94,296.37,4.12,40
Qaanaaq,3831208,GL,77.484,-69.3632,277.4,98,277.4,3.05,100
Dalvik,2632287,IS,65.9702,-18.5286,286.09,98,286.09,2.44,100
Esperance,2071860,AU,-33.8667,121.9,292.3,49,292.3,2.85,79
Kiryat Gat,293842,IL,31.61,34.7642,305.2,37,306.36,5.93,0
Lompoc,5367788,US,34.6391,-120.4579,287.32,96,290.69,0.0,90
Bereznehuvate,712339,UA,47.3078,32.8499,305.53,30,305.53,2.77,0
Honningsvåg,779554,NO,70.9821,25.9704,282.01,87,282.89,4.63,75
Egvekinot,4031742,RU,66.3167,-179.1667,275.74,85,275.74,1.04,100
Paamiut,3421193,GL,61.994,-49.6678,280.33,100,280.33,1.94,100
Aykhal,2027296,RU,66.0,111.5,288.18,68,288.18,3.68,99
Padang,1633419,ID,-0.9492,100.3543,297.18,86,297.18,1.61,96
Clyde River,5924351,CA,70.4692,-68.5914,276.92,93,276.92,2.46,100
Castro,3466704,BR,-24.7911,-50.0119,285.93,83,285.93,1.15,2
Porto Santo,8010683,PT,33.072,-16.3415,299.36,50,302.1,6.17,0
Zyryanka,2119283,RU,65.75,150.85,284.87,53,284.87,2.17,100
Pecica,668552,RO,46.1667,21.0667,298.25,61,299.18,5.14,0
Dareda,160266,TZ,-4.2167,35.55,295.84,43,295.84,4.2,84
Augsburg,2954172,DE,48.3667,10.8833,288.52,68,290.75,3.6,40
Ukwā,1253898,IN,21.9667,80.4667,298.71,89,298.71,1.32,100
Saint-Philippe,935215,RE,-21.3585,55.7679,295.49,75,296.92,6.39,88
Amahai,1651591,ID,-3.3333,128.9167,298.6,90,298.6,3.0,36
Kapaa,5848280,US,22.0752,-159.319,295.64,79,298.14,0.45,40
Wattegama,1224061,LK,6.7989,81.4808,306.03,44,306.03,5.92,89
Monrovia,2274895,LR,6.3005,-10.7969,299.86,69,299.86,4.08,96
Rawson,3839307,AR,-43.3002,-65.1023,284.25,43,284.25,8.66,0
Dikson,1507390,RU,73.5069,80.5464,279.4,99,279.4,8.22,100
Ancud,3899695,CL,-41.8697,-73.8203,281.89,91,282.27,6.71,32
Guerrero Negro,4021858,MX,27.9769,-114.0611,295.87,81,295.87,2.3,1
Manoel Urbano,3663495,BR,-8.8389,-69.2597,294.57,64,294.57,1.11,18
Grand Gaube,934479,MU,-20.0064,57.6608,296.14,66,296.14,5.36,44
Asău,686090,RO,46.4333,26.4,300.66,25,305.24,3.0,0
Atar,2381334,MR,20.5169,-13.0499,306.4,41,306.4,2.38,19
Longyearbyen,2729907,SJ,78.2186,15.6401,278.06,81,278.06,1.54,75
Constitución,3893726,CL,-35.3333,-72.4167,285.08,97,285.08,2.8,100
Bauchi,2347468,NG,10.5,10.0,298.84,72,298.84,3.11,100
Cape Town,3369157,ZA,-33.9258,18.4232,288.83,80,289.88,0.45,60
Souillac,933995,MU,-20.5167,57.5167,296.13,69,296.13,8.12,58
Flinders,6255012,AU,-34.5833,150.8552,284.19,65,286.93,0.45,6
Tiksi,2015306,RU,71.6872,128.8694,288.86,46,288.86,4.53,34
Lubliniec,3092906,PL,50.669,18.6844,288.28,68,288.98,5.76,100
San Patricio,4726521,US,28.017,-97.5169,299.66,79,302.51,2.21,82
Berlevåg,780687,NO,70.8578,29.0864,285.04,58,285.12,5.14,75
Sangamner,1257436,IN,19.5667,74.2167,297.87,78,297.87,2.73,100
Waingapu,1622318,ID,-9.6567,120.2641,300.13,64,300.13,7.46,6
Saldanha,3361934,ZA,-33.0117,17.9442,289.13,73,289.13,4.05,2
Nogliki,2122783,RU,51.8333,143.1667,289.68,86,289.68,3.63,20
Tasiilaq,3424607,GL,65.6145,-37.6368,281.24,81,281.24,1.2,100
Mangan,1263776,IN,27.5167,88.5333,299.91,95,299.91,1.79,80
Pimentel,3693584,PE,-6.8367,-79.9342,289.82,83,289.82,1.79,100
Xinzhi,1788462,CN,36.4989,111.7047,304.83,40,304.83,3.85,50
Dudinka,1507116,RU,69.4058,86.1778,285.43,96,285.43,7.94,100
Gizo Government Station,2108857,SB,-8.103,156.8419,300.56,77,300.56,3.31,32
Shumyachi,493405,RU,53.8583,32.4242,301.64,43,301.64,6.49,100
Novyye Gorki,517144,RU,56.7253,41.0601,301.17,40,301.17,3.43,100
Hobart,2163355,AU,-42.8794,147.3294,281.0,78,282.07,0.45,20
Katsuura,2112309,JP,35.1333,140.3,298.21,90,298.21,4.69,66
Yenagoa,2318123,NG,4.9247,6.2642,299.76,76,299.76,3.05,100
Saint Anthony,5044290,US,45.0205,-93.218,291.96,71,293.81,1.34,1
Yangi Marg`ilon,1513491,UZ,40.4272,71.7189,303.55,19,303.83,3.09,0
Algiers,2507480,DZ,36.7525,3.042,302.05,66,302.05,7.72,40
Butaritari,2110227,KI,3.0707,172.7902,301.28,75,301.28,5.25,100
La Santisima Trinidad,3902377,BO,-14.8333,-64.9,294.74,52,294.74,1.92,2
Okhotsk,2122605,RU,59.3833,143.3,289.07,95,289.07,1.21,92
Namatanai,2090021,PG,-3.6667,152.4333,299.36,79,299.36,2.25,14
Mossamedes,3347019,AO,-15.1961,12.1522,298.11,55,298.11,6.1,3
Watrous,6176928,CA,51.6668,-105.4679,286.03,62,286.03,3.09,45
Tuktoyaktuk,6170031,CA,69.4541,-133.0374,281.87,92,281.87,4.81,100
Moussoro,2427336,TD,13.6408,16.4901,303.53,50,303.53,3.37,100
Arraial do Cabo,3471451,BR,-22.9661,-42.0278,294.07,88,294.07,6.17,20
Hithadhoo,1282256,MV,-0.6,73.0833,301.02,74,301.02,3.29,75
Diego de Almagro,3892454,CL,-26.3667,-70.05,285.15,39,285.15,0.51,6
Novyy Urgal,2047258,RU,51.0736,132.5642,294.56,70,294.56,0.81,36
Barpathār,1276869,IN,26.3,93.8667,297.68,99,297.68,1.44,100
Hofn,2630299,IS,64.2539,-15.2082,285.16,87,285.16,1.54,90
Saurimo,145531,AO,-9.6608,20.3916,304.54,17,304.54,3.88,18
Porto-Novo,2392087,BJ,6.4965,2.6036,300.19,72,300.19,4.26,100
Anastácio,3472284,BR,-20.4836,-55.8069,294.44,47,294.44,1.4,0
Lorengau,2092164,PG,-2.0226,147.2712,300.44,78,300.44,3.02,98
Pathein,1328421,MM,16.7833,94.7333,299.28,87,299.28,1.91,100
Hollins,4764534,US,37.3413,-79.9431,294.34,95,295.42,1.54,90
Ulladulla,2145554,AU,-35.35,150.4667,281.53,70,283.08,3.16,4
Bambous Virieux,1106677,MU,-20.3428,57.7575,297.29,60,297.29,8.75,75
Turka,690960,UA,49.1541,23.0297,288.85,78,288.85,3.75,50
Bilma,2446796,NE,18.6853,12.9164,311.39,23,311.39,1.52,59
Vila Franca do Campo,3372472,PT,37.7167,-25.4333,297.38,70,297.38,1.45,63
Great Falls,5655240,US,47.5002,-111.3008,292.49,38,293.94,4.12,1
Barrow,5880054,US,71.2906,-156.7887,274.16,80,274.16,7.2,90
Kon Tum,1578500,VN,14.35,108.0,297.15,87,297.15,0.85,66
Bisira,3702269,PA,8.5196,-81.7115,288.62,92,288.62,1.01,98
Boa Vista,3664980,BR,2.8197,-60.6733,297.14,88,297.14,1.54,0
Ponta do Sol,2264557,PT,32.6667,-17.1,304.33,29,304.33,2.52,35
Kalmunai,1242110,LK,7.4167,81.8167,303.29,64,303.29,4.35,97
Kitimat,5993072,CA,54.0524,-128.6534,283.1,94,283.1,1.56,0
Bairiki Village,7601762,KI,1.3292,172.9752,301.15,74,301.15,4.12,20
Grindavik,3416888,IS,63.8424,-22.4338,285.34,100,285.41,7.2,90
Chara,2025630,RU,56.9064,118.2631,292.92,49,292.92,1.06,47
Yulara,6355222,AU,-25.2406,130.9889,290.06,17,290.06,2.57,0
Sebrovo,497995,RU,50.0981,43.2976,303.95,39,303.95,2.54,71
Kaitangata,2208248,NZ,-46.2817,169.8464,277.15,97,277.15,3.52,100
Seminole,4172445,US,28.7086,-81.2081,298.27,94,299.85,2.57,1
Leningradskiy,2123814,RU,69.3833,178.4167,272.0,88,272.0,0.83,58
Yenişehir,737611,TR,40.2644,29.6531,304.18,37,304.18,2.06,0
Ponta Delgada,3372783,PT,37.7333,-25.6667,297.55,64,297.55,2.57,20
Igrim,1505965,RU,63.1906,64.4162,295.41,44,295.41,4.63,97
Caravelas,3466980,BR,-17.7125,-39.2481,293.31,89,293.31,1.04,16
Nikolskoye,546105,RU,59.7035,30.7861,296.09,58,296.09,3.79,83
Coromandel,3465487,BR,-18.4733,-47.2003,290.66,51,290.66,2.19,23
Kavieng,2094342,PG,-2.5744,150.7967,300.94,75,300.94,3.76,29
Aleksandrovskoye,582993,RU,44.7142,43.0008,301.23,50,301.23,2.77,4
Turmalina,3445912,BR,-17.2856,-42.73,288.26,82,288.26,1.01,3
Vila Velha,3445026,BR,-20.3297,-40.2925,294.12,94,294.12,1.03,75
Hunterville,2189630,NZ,-39.9333,175.5667,281.03,95,282.17,4.08,11
Jalu,86049,LY,29.0331,21.5482,306.51,29,306.51,3.38,0
Toora-Khem,1489401,RU,52.4675,96.11,292.72,52,292.72,0.84,100
Karlstad,2701680,SE,59.3793,13.5036,287.46,100,287.46,6.17,75
Hilo,5855927,US,19.7297,-155.09,295.5,81,296.0,2.06,75
Saskylakh,2017155,RU,71.9167,114.0833,286.21,76,286.21,6.5,100
Altay,1529651,CN,47.8667,88.1167,293.12,62,293.12,2.15,100
Aksha,2028028,RU,50.2814,113.2867,294.2,86,294.2,1.88,100
Anadyr,2127202,RU,64.75,177.4833,281.43,81,281.43,6.0,75
Spirovo,489686,RU,57.419,34.9766,299.54,54,299.54,4.7,90
Blackwood,3345317,GB,51.6678,-3.2075,290.22,74,291.36,1.79,98
Mossendjo,2256895,CG,-2.9506,12.7261,298.84,64,298.84,2.14,100
Portland,5746545,US,45.5234,-122.6762,287.67,73,289.53,2.24,90
Te Anau,2181625,NZ,-45.4167,167.7167,276.29,96,276.29,1.72,98
Hūn,2216645,LY,29.1268,15.9477,307.74,18,307.74,1.76,0
Mitsamiouli,921786,KM,-11.3847,43.2844,298.18,69,298.18,3.51,46
Freeport,5117949,US,40.6576,-73.5832,295.6,81,297.6,0.45,90
Kruisfontein,986717,ZA,-34.0033,24.7314,290.86,60,290.86,7.86,52
Regeneração,3390700,BR,-6.2378,-42.6883,295.99,46,295.99,2.2,22
Kuybyshevo,538061,RU,47.8123,38.9073,304.39,37,304.39,3.29,10
Narsaq,3421719,GL,60.9167,-46.05,284.27,97,284.27,1.64,100
Lüderitz,3355672,NA,-26.6481,15.1594,288.71,59,288.71,0.93,23
Mugan,1808204,CN,35.9404,101.3842,296.98,55,296.98,4.91,89
Yabrūd,162627,SY,33.9674,36.6574,296.22,12,296.22,2.2,0
Carbondale,4235193,US,37.7273,-89.2168,291.62,97,293.58,0.0,20
Talaya,2120769,RU,61.3833,152.75,281.38,96,281.38,3.18,100
Ngorongoro,151610,TZ,-3.2397,35.4875,290.28,53,290.28,4.21,89
Lavrentiya,4031637,RU,65.5833,-171.0,277.3,71,277.3,2.29,71
Namtsy,2019488,RU,62.7161,129.6658,292.21,54,292.21,1.47,95
Lugovoy,1521293,KZ,42.9472,72.7644,301.63,21,301.63,4.06,0
Alofi,4036284,NU,-19.0595,-169.9187,296.09,78,296.09,9.77,82
De Panne,2799578,BE,51.0792,2.5917,288.79,80,290.44,4.63,75
Goundam,2456917,ML,16.4145,-3.6708,305.45,46,305.45,2.12,100
Kugul'ta,539781,RU,45.3636,42.3889,300.47,41,300.47,3.7,25
Mareeba,2158767,AU,-17.0,145.4333,291.74,82,292.55,1.63,38
Manokwari,1636308,ID,-0.8667,134.0833,300.24,73,300.24,0.19,11
San Rafael del Sur,3616594,NI,11.8485,-86.4384,297.0,88,297.0,1.38,82
Takapau,2181988,NZ,-40.0333,176.35,282.44,75,282.44,4.27,1
Cabo San Lucas,3985710,MX,22.8909,-109.9124,299.42,82,300.27,5.4,75
Killam,5991888,CA,52.7834,-111.8518,285.63,66,285.63,2.54,100
Faanui,4034551,PF,-16.4833,-151.75,299.35,75,299.35,3.53,2
Kamaishi,2112444,JP,39.2667,141.8833,294.68,97,294.68,3.68,100
Naviraí,3456368,BR,-23.065,-54.1906,292.08,50,292.08,2.05,0
Half Moon Bay,5354943,US,37.4636,-122.4286,288.85,85,291.38,0.0,1
Takoradze,2294915,GH,4.8845,-1.7554,299.66,69,299.66,3.01,83
Atbasar,1526038,KZ,51.8,68.3333,303.07,27,303.07,3.51,31
Mahon,2514301,ES,39.8885,4.2658,300.46,44,300.46,11.32,20
Havre-St-Pierre,5972291,CA,50.2334,-63.5986,287.33,94,290.48,3.6,75
Bichura,2026708,RU,50.5881,107.6022,293.96,77,293.96,1.8,100
Aswān,359792,EG,24.0934,32.907,313.64,9,313.64,6.54,11
Humaitá,3664078,BR,-7.5061,-63.0208,295.47,85,295.47,0.75,0
Grootfontein,3357114,NA,-19.5667,18.1167,298.91,22,298.91,3.09,0
Gorontalo,1643837,ID,0.5412,123.0595,298.4,92,298.4,1.82,54
Filingué,2444995,NE,14.3521,3.3168,300.49,68,300.49,5.32,99
Rudnichnyy,500695,RU,59.617,52.4703,297.28,41,297.28,3.28,67
Powell,5167350,US,40.1578,-83.0752,293.22,97,294.24,0.0,1
Ferme-Neuve,5952330,CA,46.7001,-75.4493,283.03,82,283.03,0.94,4
Palāsa,1260771,IN,18.7667,84.4167,302.18,78,302.18,4.77,98
Nizwá,286987,OM,22.9333,57.5333,313.68,23,313.68,3.42,79
Lake City,4161187,US,30.1897,-82.6393,297.8,96,298.03,2.99,100
Bariloche,7647007,AR,-41.1456,-71.3082,273.01,100,273.01,1.54,90
Brae,2654970,GB,60.3964,-1.353,287.1,86,287.1,0.42,100
Tivaouane,2244800,SN,14.9515,-16.8129,300.34,72,300.34,1.38,90
Port Blair,1259385,IN,11.6667,92.75,300.8,80,300.8,5.0,100
Conceição do Araguaia,3401845,BR,-8.2578,-49.2647,292.22,77,292.22,2.57,0
Puerto Ayacucho,3629710,VE,5.6639,-67.6236,295.22,96,295.22,0.91,51
Guangming,2034497,CN,45.3333,122.7833,297.02,66,297.02,3.13,5
Arlit,2447513,NE,18.7369,7.3853,309.06,29,309.06,1.36,97
Hohhot,2036892,CN,40.8106,111.6522,303.31,32,303.31,3.0,0
Acapulco de Juárez,3533462,MX,16.8634,-99.8901,298.53,87,298.53,1.63,83
Hokitika,2206894,NZ,-42.7167,170.9667,282.43,79,282.43,4.6,100
Fairbanks,5861897,US,64.8378,-147.7164,281.25,95,282.65,0.0,90
Río Gallegos,3838859,AR,-51.6226,-69.2181,278.18,100,278.18,4.63,90
Poletayevo,1494587,RU,55.0336,61.1138,306.05,20,306.05,3.05,100
Pyaozerskiy,503581,RU,65.8333,31.1667,289.87,74,289.87,1.33,84
Sémbé,2255304,CG,1.6481,14.5806,297.95,88,297.95,1.24,99
Broken Hill,2173911,AU,-31.95,141.4333,284.8,55,284.8,3.09,0
Sovetskiy,1491230,RU,61.3614,63.5842,296.69,40,296.69,4.72,98
Werda,932960,BW,-25.2667,23.2833,298.09,17,298.09,7.84,29
Quatre Cocos,1106643,MU,-20.2078,57.7625,294.87,70,297.21,8.6,58
Waddān,2209055,LY,29.1614,16.139,307.53,18,307.53,1.15,0
Carballo,3126369,ES,43.213,-8.691,293.38,70,294.21,5.15,46
Voitsberg,2762327,AT,47.0333,15.15,291.78,69,292.67,0.85,93
Kindu,212902,CD,-2.95,25.95,309.21,22,309.21,1.83,69
Camaná,3945985,PE,-16.6228,-72.7111,287.79,86,287.79,3.63,80
Juneau,5554072,US,58.3019,-134.4197,283.81,91,285.15,0.0,90
Imbituba,3461370,BR,-28.24,-48.6703,290.09,97,290.09,3.54,30
Rome,5134295,US,43.2128,-75.4557,292.22,75,294.88,3.09,90
Arman',2127060,RU,59.7,150.1667,286.4,99,286.4,3.02,100
Tuatapere,2180815,NZ,-46.1333,167.6833,278.05,92,278.05,0.95,100
Klaksvík,2618795,FO,62.2266,-6.589,284.66,90,284.66,4.25,80
Shimoda,1852357,JP,34.6667,138.95,297.98,88,297.98,3.24,75
Kesinga,1267222,IN,20.2,83.2333,304.08,67,304.08,0.75,100
Severo-Kuril'sk,2121385,RU,50.6789,156.125,285.48,89,285.48,5.99,79
Ballina,2177069,AU,-28.8667,153.5667,287.47,67,287.47,3.93,44
Sieradz,3085978,PL,51.5958,18.7302,289.8,69,290.03,7.06,98
Alice Springs,2077895,AU,-23.7,133.8833,286.9,19,286.9,3.6,0
Bagdarin,2027244,RU,54.4333,113.6,292.1,65,292.1,0.96,100
Xining,1788852,CN,36.6167,101.7667,298.36,45,298.36,8.89,84
Jinchang,1805733,CN,38.4953,102.1739,300.02,35,300.02,5.62,100
Barra Patuca,3614835,HN,15.8,-84.2833,299.08,87,299.08,1.39,98
Aktau,610612,KZ,43.65,51.2,307.47,32,307.47,4.5,28
Necochea,3430443,AR,-38.5473,-58.7368,282.06,87,282.06,3.84,100
Cabedelo,3404558,BR,-6.9811,-34.8339,296.52,84,296.52,5.92,51
Ahipara,2194098,NZ,-35.1667,173.1667,285.86,88,285.86,4.61,22
San Roque,2511239,ES,36.2107,-5.3842,299.61,74,300.6,4.12,40
Lázaro Cárdenas,4026082,MX,17.9583,-102.2,298.15,87,298.15,1.71,98
Zlobin,3191648,HR,45.2924,14.6541,290.76,53,290.76,10.8,75
Miguel Alves,3394892,BR,-4.1656,-42.8953,295.31,97,295.31,0.38,57
Madang,2091996,PG,-5.2246,145.7966,299.23,87,299.23,2.39,80
Pingliang,1798760,CN,35.5392,106.6861,296.42,76,296.42,1.47,98
Miandrivazo,1059051,MG,-19.5167,45.4667,303.72,24,303.72,1.8,0
Benghazi,88319,LY,32.1167,20.0667,301.99,64,301.99,5.08,0
Bosaso,64013,SO,11.2842,49.1816,309.57,38,309.57,3.83,37
Torbay,6167817,CA,47.6666,-52.7314,289.12,91,289.97,5.66,40
Olinda,3393536,BR,-8.0089,-34.8553,294.0,88,294.0,2.57,40
Marsh Harbour,3571913,BS,26.5412,-77.0636,301.48,76,301.48,5.32,81
Manaure,3675504,CO,11.7751,-72.4445,299.35,82,299.35,1.99,97
Dingle,1714733,PH,10.9995,122.6711,300.32,81,300.32,1.08,65
Kragujevac,789128,RS,44.0167,20.9167,302.31,35,302.31,6.42,25
Semiletka,497211,RU,55.3603,54.6153,307.55,13,307.55,1.78,77
Mayo,4362001,US,38.8876,-76.5119,295.59,96,297.14,1.54,90
Lufilufi,4035249,WS,-13.8745,-171.5986,295.03,75,295.03,6.57,35
Iguape,3461465,BR,-24.7081,-47.5553,288.88,95,288.88,1.9,9
Savannah Bight,3601402,HN,16.45,-85.85,300.93,75,300.93,6.8,46
Mandurah,2067119,AU,-32.55,115.7,292.53,87,293.27,3.29,0
Seoul,1835848,KR,37.5683,126.9778,296.81,88,300.88,3.09,75
Khovd,1516048,MN,48.0056,91.6419,293.66,43,293.66,3.82,92
Chipiona,2519477,ES,36.7366,-6.437,301.39,78,305.25,6.17,0
Saýat,1218436,TM,38.7839,63.8803,308.08,9,308.08,3.31,0
Caetité,3468317,BR,-14.0694,-42.475,289.06,82,289.06,3.44,25
Wilmington,4499379,US,34.2257,-77.9447,299.69,84,301.4,1.54,1
São Filipe,3374210,CV,14.8961,-24.4956,298.68,87,298.68,1.77,40
Al Bardīyah,80509,LY,31.7561,25.0865,302.74,52,302.74,7.92,0
Krasnaya Gora,542788,RU,52.9995,31.6023,302.1,35,302.1,8.17,82
Departamento de Canelones,3443411,UY,-34.6444,-56.2886,284.36,98,284.99,3.09,90
Stepnogorsk,1537939,KZ,52.3544,71.8869,300.71,32,300.71,2.44,19
Campeche,3531730,MX,19.0,-90.5,296.23,96,296.23,1.31,34
Long,1152322,TH,18.0761,99.8326,304.33,88,306.84,0.96,100
Guácimo,3623601,CR,10.2104,-83.6807,298.75,86,298.75,1.3,72
Los Llanos de Aridane,2514651,ES,28.6585,-17.9182,302.01,37,302.01,8.23,0
Norman Wells,6089245,CA,65.282,-126.8329,283.17,87,283.17,1.54,75
Ossora,2122389,RU,59.2353,163.0719,288.0,84,288.0,1.9,100
Dunedin,2191562,NZ,-45.8742,170.5036,279.15,87,279.15,4.92,100
Walvis Bay,3359638,NA,-22.9575,14.5053,291.68,42,291.68,4.12,0
Jijiga,333795,ET,9.35,42.8,297.89,44,297.89,8.68,13
Povenets,505820,RU,62.8487,34.8262,292.04,64,292.04,3.32,99
Evensk,2125693,RU,61.95,159.2333,284.93,93,284.93,1.88,100
Hargeisa,57289,SO,9.56,44.065,303.42,30,303.42,8.7,10
Richards Bay,962367,ZA,-28.783,32.0377,299.17,43,299.17,6.76,37
Vostok,2013279,RU,46.4856,135.8833,291.13,64,291.13,1.05,51
Faya,110690,SA,18.3851,42.4509,301.44,26,303.21,1.22,39
Esim,2303611,GH,4.8699,-2.2405,300.18,65,300.18,2.87,93
Semīrom,116406,IR,31.4167,51.5667,302.89,9,302.89,5.44,0
Mahabalipuram,1263997,IN,12.6264,80.1722,305.18,67,305.18,6.55,99
Shingū,1847947,JP,33.7333,135.9833,298.1,92,299.7,2.69,99
Sabang,1214026,ID,5.8933,95.3214,300.29,72,300.29,3.83,98
Chapais,5919850,CA,49.7834,-74.8492,291.03,91,291.03,2.74,61
San Cristobal,3628473,VE,7.7669,-72.225,290.8,96,290.8,1.25,99
Kailua,5847486,US,21.4022,-157.7394,297.29,78,298.14,1.54,20
Samarai,2132606,PG,-10.6167,150.6667,298.9,83,298.9,7.39,85
Villa Rica,4228452,US,33.7321,-84.9191,294.4,97,295.93,6.01,100
Henties Bay,3356832,NA,-22.116,14.2845,289.74,69,289.74,5.62,0
Vardø,777019,NO,70.3705,31.1107,283.14,71,285.26,3.6,75
Farafangana,1065158,MG,-22.8167,47.8333,293.51,80,293.51,5.11,90
Carutapera,3402648,BR,-1.195,-46.02,297.64,92,297.64,2.31,5
Casino,2172153,AU,-28.8667,153.05,283.12,87,287.35,0.0,43
Comodoro Rivadavia,3860443,AR,-45.8667,-67.5,283.07,46,283.07,13.89,0
The Valley,3573374,AI,18.217,-63.0578,301.07,74,301.07,7.84,69
Skibbereen,2961459,IE,51.55,-9.2667,289.04,68,289.04,3.13,55
Umluj,100926,SA,25.0213,37.2685,306.02,63,306.02,6.83,2
Atambua,1651103,ID,-9.1061,124.8925,297.55,71,297.55,2.54,46
Zhicheng,1784554,CN,30.2956,111.5047,301.32,86,301.32,0.72,87
Ola,2122574,RU,59.5833,151.2833,285.81,98,285.81,3.12,100
Quime,3906765,BO,-16.9833,-67.2167,279.88,44,279.88,1.59,0
Limenaria,735418,GR,40.6261,24.5786,302.07,61,302.07,2.09,0
Middlebury (village),5238499,US,44.0153,-73.1673,288.41,90,291.45,0.0,1
Bonavista,5905393,CA,48.6499,-53.1147,286.15,74,290.44,7.3,82
Haines Junction,5969025,CA,60.7522,-137.5108,278.12,93,278.12,0.51,82
Ouadda,236901,CF,8.0777,22.4007,299.88,75,299.88,1.75,70
Saint-Joseph,6690296,RE,-21.3667,55.6167,295.13,71,296.36,6.71,58
Ormara,1168700,PK,25.2088,64.6357,300.16,74,300.16,5.98,0
Baker City,5712169,US,44.7749,-117.8344,289.83,58,292.7,2.57,1
Kentau,1522751,KZ,43.5206,68.5094,303.07,18,303.07,9.28,0
Iqaluit,5983720,CA,63.7506,-68.5145,278.0,100,278.0,0.0,90
Washougal,5815136,US,45.5826,-122.3534,287.5,75,289.68,1.34,90
Coyhaique,3894426,CL,-45.5752,-72.0662,279.12,75,279.12,3.09,90
Honiara,2108502,SB,-9.4333,159.95,298.52,88,298.52,1.06,76
Kahului,5847411,US,20.8947,-156.47,293.71,82,294.74,1.54,1
Cantaura,3646869,VE,9.3057,-64.3584,295.34,93,295.34,3.68,11
Salalah,286621,OM,17.0151,54.0924,299.2,89,299.2,5.66,90
Svetlaya,2015852,RU,46.5389,138.3297,291.45,88,291.45,2.9,11
San Juan Bautista,3929493,PE,-14.0108,-75.7358,286.03,78,286.5,1.56,99
Cairns,2172797,AU,-16.9167,145.7667,295.0,76,295.12,5.66,12
Miranda,3674702,CO,3.2499,-76.2281,291.22,93,291.22,0.79,100
Rockland,5134189,US,41.1668,-74.0496,293.86,87,296.62,0.92,100
Kyren,2021031,RU,51.6828,102.1408,286.28,99,286.28,0.38,100
Tacuatí,3436880,PY,-23.45,-56.5833,293.71,48,293.71,1.75,0
Güzelyurt,313199,TR,38.2772,34.3719,297.59,29,297.59,4.2,0
Pemangkat,1631637,ID,1.1667,108.9667,300.51,78,300.51,3.27,27
Fonte Boa,6319315,BR,-2.4959,-66.2662,295.03,95,295.03,0.38,54
Bahía Solano,3689325,CO,6.2262,-77.4044,297.37,90,297.37,0.82,100
Baghdad,98182,IQ,33.3406,44.4009,314.1,16,314.1,7.72,0
Mahibadhoo,1337605,MV,3.7833,72.9667,301.21,75,301.21,5.98,100
Acajutla,3587498,SV,13.5928,-89.8275,299.15,89,299.15,2.87,89
Lagoa,3372964,PT,39.05,-27.9833,296.06,85,296.06,3.82,23
Taltal,3870243,CL,-25.4,-70.4833,287.91,70,287.91,1.5,7
Nyurba,2018735,RU,63.2842,118.3319,282.92,98,282.92,2.08,100
Fukuechō,1863997,JP,32.6881,128.8419,297.35,94,297.35,6.69,75
Chico,5336269,US,39.7285,-121.8375,297.46,42,300.43,0.0,90
Barranca,3946820,PE,-10.75,-77.7667,288.79,84,288.79,2.38,97
Champerico,3598787,GT,14.3,-91.9167,299.42,89,300.01,2.92,59
Yangjiang,1806408,CN,21.85,111.9667,302.12,82,302.12,3.67,19
Whitehorse,6180550,CA,60.7161,-135.0538,282.53,71,282.58,5.66,75
Santander,3109718,ES,43.4647,-3.8044,293.07,62,294.44,2.68,40
Makakilo City,5850554,US,21.3469,-158.0858,295.51,86,297.33,2.06,20
Araouane,2460954,ML,18.9048,-3.5265,307.6,31,307.6,1.71,62
Monte Sião,3456806,BR,-22.4325,-46.5725,287.88,76,287.88,2.78,11
Muzhi,1498161,RU,65.3667,64.6667,290.58,58,290.58,8.99,54
Muromtsevo,1498205,RU,56.3724,75.2418,299.11,43,299.11,0.54,36
Olean,5129780,US,42.0776,-78.4297,292.58,100,293.47,0.0,90
Piaçabuçu,3454005,BR,-10.4056,-36.4344,296.74,76,296.74,2.87,95
Corumbá,3465342,BR,-19.0092,-57.6533,289.99,88,289.99,0.0,0
Port Hardy,6111862,CA,50.6996,-127.4199,285.25,87,285.25,2.06,1
Flin Flon,5954718,CA,54.7682,-101.865,285.61,64,285.61,4.43,95
Agadez,2448083,NE,19.75,10.25,312.14,11,312.14,5.34,21
Kosh-Agach,1502422,RU,50.0,88.6667,292.01,43,292.01,4.46,100
Nome,5870133,US,64.5011,-165.4064,277.18,76,277.19,2.06,1
Sisimiut,3419842,GL,66.9395,-53.6735,282.42,81,282.42,1.25,35
Kununurra,2068110,AU,-15.7667,128.7333,298.14,19,298.14,2.57,96
Ketchikan,5554428,US,55.3422,-131.6461,284.3,89,284.3,2.55,5
Batī,342641,ET,11.1833,40.0167,300.74,40,300.74,4.15,85
Volksrust,943032,ZA,-27.3654,29.8818,291.54,39,291.54,3.68,40
Gushikawa,1863495,JP,26.3544,127.8686,301.01,86,301.15,3.6,1
Esmeraldas,3464008,BR,-19.7625,-44.3139,289.36,83,289.73,2.15,52
Saint George,5546220,US,37.1041,-113.5841,300.73,35,302.48,0.89,1
Dobroye,565803,RU,52.8678,39.8109,304.21,37,304.21,1.85,75
Verkhoyansk,2013465,RU,67.5447,133.385,291.29,48,291.29,1.37,10
Belaya Gora,2126785,RU,68.5333,146.4167,284.37,54,284.37,3.4,76
Jiuquan,1279945,CN,39.7432,98.5174,297.13,39,297.13,4.7,100
Opuwo,3354077,NA,-18.0607,13.84,301.17,17,301.17,3.78,0
Bilibino,2126682,RU,68.0546,166.4372,280.38,62,280.38,1.6,100
Marzuq,72181,YE,14.4,46.4667,308.08,23,308.08,3.88,90
Pathānkot,1260137,IN,32.2833,75.65,308.04,43,308.04,0.98,0
Udachny,2014624,RU,66.4167,112.4,289.66,61,289.66,3.18,100
Menongue,3347353,AO,-14.6585,17.691,301.76,13,301.76,2.46,9
Cayenne,3382160,GF,4.9333,-52.3333,298.2,91,298.2,0.0,0
Safford,5312476,US,32.834,-109.7076,294.58,94,294.66,2.57,1
Rocha,3440777,UY,-34.4833,-54.3333,283.37,95,283.37,1.43,75
Hedaru,159647,TZ,-4.5,37.9,300.52,43,300.52,5.91,76
Fillmore,5026478,US,43.6666,-92.1002,288.04,94,289.95,3.09,1
Mersing,1732826,MY,2.4312,103.8405,300.1,83,300.1,1.54,71
Helong,2036933,CN,42.5397,128.9972,291.74,93,291.74,1.01,90
Kiama,2161515,AU,-34.6833,150.8667,284.02,70,286.48,3.11,6
Tiznit Province,2527087,MA,29.5833,-9.5,312.2,10,312.2,2.56,7
Alexandria,361058,EG,31.2156,29.9553,304.13,51,304.13,4.12,20
Birao,240210,CF,10.2849,22.7882,301.67,69,301.67,1.89,98
Solapur,1256436,IN,17.6833,75.9167,298.43,76,298.43,6.06,100
Shenjiamen,1795632,CN,29.9576,122.298,298.63,87,298.63,4.97,100
Kloulklubed,7671223,PW,7.0419,134.2556,300.43,66,300.43,0.99,2
Cockburn Town,3576994,TC,21.4612,-71.1419,301.4,81,301.4,8.82,100
Cidreira,3466165,BR,-30.1811,-50.2056,288.04,97,288.04,3.63,90
Riyadh,108410,SA,24.6877,46.7219,315.18,9,315.18,2.06,0
Pitimbu,3391889,BR,-7.4706,-34.8086,296.48,83,296.48,5.65,84
Black Forest,5414069,US,39.0131,-104.7008,286.81,61,290.56,0.89,1
Norfolk,4945455,US,42.1668,-71.2495,289.0,94,292.01,0.0,20
Geraldton,2070998,AU,-28.7667,114.6,291.38,88,291.38,3.6,0
Balikpapan,1650527,ID,-1.2675,116.8289,299.22,78,299.22,2.43,82
Buíque,3404766,BR,-8.6231,-37.1558,290.0,86,290.0,4.81,100
Murgab,1218612,TM,37.4966,61.9714,307.08,17,307.08,6.17,0
Tual,1623197,ID,-5.6667,132.75,299.85,82,299.85,5.34,40
Lastoursville,2399870,GA,-0.8143,12.7287,297.62,88,297.62,1.18,90
Valdivia,3868707,CL,-39.8142,-73.2459,286.2,95,286.2,2.67,100
Lensk,2020838,RU,60.7253,114.9278,290.81,75,290.81,3.93,43
Ixtapa,4004293,MX,20.7,-105.2,299.39,96,299.39,1.38,100
Vaitape,4033077,PF,-16.5167,-151.75,299.37,75,299.37,3.62,1
Yatou,1786855,CN,37.15,122.3833,296.87,80,296.87,3.73,18
Huarmey,3939168,PE,-10.0681,-78.1522,289.3,86,289.3,2.54,75
Senanga,898947,ZM,-16.1167,23.2667,302.2,20,302.2,2.3,0
Waliso,336372,ET,8.5333,37.9833,294.46,68,294.46,0.75,42
Show Low,5314245,US,34.2542,-110.0298,287.03,91,289.9,4.12,75
Solnechnyy,2016307,RU,50.7214,136.6319,293.15,85,293.15,2.36,7
Eyrarbakki,3413604,IS,63.863,-21.1481,285.89,92,286.04,5.84,100
Kargasok,1504382,RU,59.0556,80.8572,297.91,41,297.91,1.89,38
Whitianga,2179103,NZ,-36.8333,175.7,284.83,91,284.83,5.81,45
Miles City,5666176,US,46.4083,-105.8406,296.69,40,296.69,1.54,1
Puerto Baquerizo Moreno,3652758,EC,-0.9,-89.6,293.07,79,293.07,4.19,83
Santa Maria,3450083,BR,-29.6842,-53.8069,286.76,100,286.76,1.03,90
Basco,1726449,PH,20.4487,121.9702,302.4,72,302.4,3.32,64
Vestmanna,2610343,FO,62.1564,-7.1664,283.66,93,283.66,3.6,20
Gondanglegi,1640660,ID,-7.7479,112.0132,300.71,69,300.71,8.11,17
Buchanan,2278158,LR,5.8808,-10.0467,299.23,70,299.23,2.59,100
Talnakh,1490256,RU,69.4865,88.3972,283.97,92,283.97,4.48,100
Yārāda,1252783,IN,17.65,83.2667,302.33,89,302.33,3.09,90
Auki,2109701,SB,-8.7676,160.7034,298.3,86,298.3,1.18,61
Yeppoon,2142316,AU,-23.1333,150.7333,289.03,59,289.03,0.89,0
Yashkul',468747,RU,46.1711,45.3435,305.62,18,305.62,3.59,82
Haverfordwest,2647311,GB,51.8017,-4.9691,289.5,78,289.92,1.34,99
Gölköy,746628,TR,40.6875,37.6178,291.82,65,291.82,2.85,46
Ulaanbaatar,2028462,MN,47.9077,106.8832,298.22,29,298.22,6.0,40
Macieira de Cambra,2738052,PT,40.8594,-8.3734,294.85,30,298.81,0.85,0
Prince Rupert,6113406,CA,54.3161,-130.3201,284.5,97,286.98,2.06,1
Tessalit,2449893,ML,20.1986,1.0114,310.57,23,310.57,4.38,83
Baniachang,1185274,BD,24.5167,91.3667,298.04,95,298.04,4.51,100
Goma,216281,CD,-1.6792,29.2228,296.54,53,296.54,2.19,78
Pochutla,3517970,MX,15.7432,-96.4661,296.94,82,296.94,1.34,99
Palora,3653523,EC,-1.7,-77.9333,290.4,95,290.4,1.19,97
Sitka,5557293,US,57.0531,-135.33,285.09,82,285.09,2.06,75
Longonjo,3347853,AO,-12.9067,15.2533,299.92,15,299.92,3.23,36
Nabire,1634614,ID,-3.3667,135.4833,298.89,84,298.89,0.5,43
Burnie,2173125,AU,-41.0667,145.9167,281.02,82,281.02,4.03,1
Marawi,1701054,PH,7.9986,124.2928,292.4,95,292.4,0.33,100
Licata,2524393,IT,37.1071,13.9461,302.1,60,307.9,6.36,42
Adrar,2381972,MR,20.5022,-10.0711,308.81,30,308.81,5.69,25
Yazoo City,4451810,US,32.8551,-90.4056,295.71,92,296.9,1.29,3
Sovetskoye,1491219,RU,52.2861,85.4131,301.22,34,301.22,4.36,8
Cap-Haïtien,3728474,HT,19.7578,-72.2042,299.54,70,299.54,1.44,96
Same,150276,TZ,-4.0667,37.7333,300.64,38,300.64,5.08,71
Thinadhoo,1337610,MV,0.5333,72.9333,300.85,74,300.85,3.28,100
Crotone,2524881,IT,39.0851,17.1178,310.12,26,310.12,2.57,0
Port Keats,2063039,AU,-14.25,129.55,299.65,33,299.65,4.92,14
San Quintín,3984997,MX,30.4833,-115.95,294.81,88,294.81,0.96,22
Meghri,174823,AM,38.9029,46.2446,303.48,25,303.48,4.21,1
Midland,5526337,US,31.9974,-102.0779,293.32,95,294.52,2.57,40
Itaporanga,3397898,BR,-7.3044,-38.1503,294.7,69,294.7,3.99,100
Guhāgar,1270779,IN,17.4842,73.1929,300.49,78,300.49,2.15,100
Napanee,5965812,CA,44.2501,-76.9494,293.23,94,295.06,2.6,100
Biak,1637001,ID,-0.9131,122.8766,298.46,84,298.46,2.6,32
Myitkyina,1307741,MM,25.3833,97.4,296.93,100,296.93,0.27,100
Karaton,1630058,ID,-6.3424,106.1045,302.24,74,302.24,1.72,75
Huadian,2036776,CN,42.9633,126.7478,291.63,93,291.63,2.72,100
Departamento de Maldonado,3441890,UY,-34.6667,-54.9167,284.81,92,284.81,1.77,63
Mehamn,778707,NO,71.0357,27.8492,285.1,77,285.1,5.73,100
Nampula,1033356,MZ,-15.1165,39.2666,298.12,47,298.12,4.63,75
Venado Tuerto,3833062,AR,-33.7456,-61.9688,285.58,91,285.58,3.32,64
Linjiang,2036069,CN,41.8069,126.9078,292.7,93,292.7,0.67,81
Saint-Pierre,935214,RE,-21.3393,55.4781,295.86,59,296.97,12.86,20
Nishihara,1855342,JP,26.1842,127.7558,300.99,86,301.18,4.12,75
Iwanai,2129868,JP,42.9744,140.5089,290.5,92,290.5,1.3,100
Cooma,2170577,AU,-36.2333,149.1333,275.02,80,275.02,3.09,2
Uşak Province,298298,TR,38.5,29.4167,304.14,14,304.14,2.08,0
Tezu,1254709,IN,27.9167,96.1667,298.02,100,298.02,0.29,100
Aleksandrovskiy Zavod,2027933,RU,50.9237,117.9374,293.9,86,293.9,1.83,100
Zheshart,463144,RU,62.0731,49.5733,293.34,52,293.34,2.84,83
Uni,478996,RU,57.7535,51.4923,301.29,37,301.29,4.06,64
Paide,589709,EE,58.8856,25.5572,293.09,77,293.09,4.0,100
Smithers,6149996,CA,54.7804,-127.1743,280.33,100,280.33,1.03,1
Bambanglipuro,1650434,ID,-7.95,110.2833,299.02,82,299.02,5.27,21
Aksay,583673,RU,47.26,39.87,305.27,35,305.27,3.19,16
White Rock,6180961,CA,49.0164,-122.8026,287.66,85,289.29,2.68,36
Bubaque,2374583,GW,11.2833,-15.8333,298.64,82,298.64,1.42,100
Zharkent,1520253,KZ,44.1628,80.0,301.18,19,301.18,5.57,68
Huangmei,1807339,CN,30.1924,116.025,301.43,82,301.43,2.05,85
Slave Lake,6149374,CA,55.2834,-114.769,283.14,87,283.14,3.09,75
Derzhavīnsk,1524606,KZ,51.1,66.3167,305.3,20,305.3,2.24,26
Caxito,2242001,AO,-8.5785,13.6643,297.51,46,297.51,2.37,78
Kavaratti,1267390,IN,10.5669,72.642,300.27,81,300.27,8.67,100
Gao,2457161,ML,16.6362,1.637,304.01,48,304.01,3.17,92
Maraã,3663475,BR,-1.8333,-65.3667,294.75,96,294.75,1.06,2
Parkersburg,4817641,US,39.2667,-81.5615,295.04,97,295.56,0.0,40
Belyy Yar,1510377,RU,53.6039,91.3903,298.09,44,298.09,5.0,0
Charters Towers,2171722,AU,-20.1,146.2667,291.64,62,291.64,3.68,18
Rio Grande,3451138,BR,-32.035,-52.0986,287.01,89,287.01,1.41,100
Nemuro,2128975,JP,43.3236,145.575,287.48,83,287.48,3.94,100
Mont-Dore,2140066,NC,-22.2833,166.5833,294.14,82,294.14,2.92,24
Brasília,3469058,BR,-15.7797,-47.9297,284.66,76,287.94,1.03,0
Aksu,1529660,CN,41.1231,80.2644,301.82,15,301.82,2.4,0
Krasnosel'kup,1502073,RU,65.7,82.4667,295.14,52,295.14,7.4,65
Chunskiy,1507636,RU,56.0815,99.6342,296.05,44,296.05,1.47,98
